"","MouseID","Average_GFAP","Genotype","Sex"
"1","923",142,"WT","Female"
"2","899",156.333333333333,"MUT","Male"
"3","891",71.6666666666667,"HET","Male"
"4","536",310.25,"HET","Male"
"5","582",351.75,"HET","Male"
"6","604",286,"HET","Female"
"7","663",114.1,"WT","Male"
"9","665",141.571428571429,"MUT","Female"
"10","667",154,"MUT","Female"
"11","717",82.5,"MUT","Female"
"12","719",257.5,"HET","Female"
"13","838",110.333333333333,"WT","Female"
"14","840",102,"MUT","Female"
"15","842",145,"HET","Female"
"16","847",192,"WT","Female"
"17","853",89.25,"MUT","Male"
"18","882",206.5,"MUT","Female"
"19","924",140.375,"WT","Male"
"20","962",90.5,"WT","Female"
